"oDyy5iUVq7U","b'\xe2\x80\x9cI Will Teach You EXACTLY How To Do It\xe2\x80\x9d'",2023-06-09T14:17:00Z,71149,3161,27
"eZXbMWPJkKQ","b'How To Make Potato Wedges'",2023-06-01T18:30:34Z,953072,37265,26
"9EnDCbVxbis","b'How To CONQUER FEAR'",2023-06-03T14:00:04Z,1711146,148045,1
"nrnac8Br6Cs","b'How To Properly Eat Food'",2023-06-05T17:15:02Z,4227647,282401,20
"3g1SaKt3cx0","b'How To Cut A Watermelon'",2023-05-27T16:30:00Z,4028662,208086,26
"gWH0iVDb0hs","b'TRANSFORMATION INTO POPULAR! How to Achieve the Perfect Hello Kitty-Inspired Look by 123GO! SCHOOL'",2023-06-09T14:00:33Z,35950,277,26
"MqvZaFw1-w0","b'how to draw \xe2\x9c\xa8JUICY\xe2\x9c\xa8 hands'",2023-05-05T13:00:28Z,2950381,338159,26
"1QbLAHhmD7Q","b'How to annoy a bushcrafter \xf0\x9f\x98\x82'",2023-05-05T16:00:01Z,3291982,233450,26
"7qVXSH4mdgs","b'how to draw \xe2\x9c\xa8JUICY\xe2\x9c\xa8 expressions'",2023-06-06T13:04:10Z,1296449,202027,26
"VeLWFT9XGbk","b'How to ROAST Your DUMB KID Using YOUR Questions pt. Idk #comedy #funny #roast #relatable #junior'",2023-06-03T21:22:51Z,981684,61800,20
"faeVbqwPfFs","b'How To SURVIVE A NUCLEAR BLAST?'",2023-06-02T14:00:24Z,2071469,171779,1
"y-BIlFdbo5w","b'How to use a hat pin'",2023-05-22T13:14:16Z,911547,83809,26
"1IrJdm7A08s","b'how to DRESS BETTER | find your style & confidence without spending money *life changing*'",2023-06-02T15:00:01Z,121121,8361,26
"7BD_SHzcbdE","b'How to 3 Star BH10 Challenge in 40 Seconds (Clash of Clans)'",2023-05-27T00:00:02Z,177186,14073,20
"Zj50bOUJ8sA","b'HOW TO TURN INTO Rainbow Friends 2 in Roblox Brookhaven!'",2023-06-06T22:45:32Z,305150,15546,20
"VprNNC6HeFo","b'how to SLAY grad/passport pics\xf0\x9f\x92\x85 #pose #shorts'",2023-05-23T19:00:05Z,4657404,214927,22
"-rkKWDWEr6E","b"How To 'BACKFLIP' In 5 SIMPLE Steps"",2023-05-13T19:26:55Z,260257,14516,22
"LOcs_8h669s","b'How to Get Max Battery Cells in 1 Hour (Zelda)'",2023-05-25T13:33:25Z,708546,43354,20
"3gTo-IsagvM","b'How to catch a gold digger \xf0\x9f\x98\x82'",2023-06-05T22:38:12Z,4315672,281286,24
"hXA6jdtuy0Y","b'How To Dress Better'",2023-06-01T16:46:22Z,350208,22567,26
"um7UJgD3sv4","b'How to Identify a Narcissist from Conversation'",2023-06-05T21:00:23Z,17065,845,24
"QkvTTscn3Xw","b'How To Make Katsu Curry'",2023-05-01T18:30:18Z,1077884,61686,26
"Hss3s15sEQQ","b'how to draw a padlock \xf0\x9f\x98\xb3\xf0\x9f\x98\xb1\xf0\x9f\x94\xa5 #josuaas24 #art #drawing #shorts'",2023-05-28T11:55:17Z,4852127,26
"ReRVUJiEq7U","b'how to draw \xe2\x9c\xa8JUICY\xe2\x9c\xa8 kitten'",2023-05-12T14:29:06Z,2230459,277423,26
"9GYOqzCybmI","b'How To Be Cute in 5 Easy Steps'",2023-05-27T14:00:08Z,184252,17540,1
"vDPHg-IrBeU","b'\xf0\x9f\xa4\xa3 How to get ROBUX in PLS DONATE.. #shorts #roblox'",2023-05-25T02:24:27Z,810536,44159,20
"TGHaNo_81lk","b'How to Make A Rude Person Immediately Regret Insulting You'",2023-06-05T17:55:00Z,451227,15478,26
"yT1mrp7sY-E","b'YOU DONT KNOW HOW TO COOK? @ChefRush @albert_cancook'",2023-06-02T19:55:06Z,26893376,1519820,24
"UrDqhBjLP4w","b'How To Unf*ck Your Life'",2023-05-08T14:43:31Z,626964,44624,27
"eLBrjmr4fQE","b'How to draw fish with Magic  pen #shorts'",2023-05-19T11:00:26Z,127976768,3568829,22
"nzXTyictZUY","b'How to Defeat a MOLDUGA in Tears of the Kingdom!'",2023-05-23T21:56:51Z,195209,13571,20
"3loTQ4pRR04","b'how to GLOW UP for summer 2023 | healthy habits, beauty hacks, mindset shifts & success secrets'",2023-05-28T16:31:13Z,455666,34099,26
"2fHPR1been0","b'Tutorial how to become a \xf0\x9f\x92\x80'",2023-05-12T15:00:03Z,618941,40783,24
"IQCwy__yvJ8","b'\xe0\xa4\x90\xe0\xa4\xb8\xe0\xa5\x87 \xe0\xa4\xac\xe0\xa5\x8b\xe0\xa4\xb2\xe0\xa5\x8b \xe0\xa4\xa6\xe0\xa5\x81\xe0\xa4\xa8\xe0\xa4\xbf\xe0\xa4\xaf\xe0\xa4\xbe \xe0\xa4\xb8\xe0\xa5\x81\xe0\xa4\xa8\xe0\xa5\x87\xe0\xa4\x97\xe0\xa5\x80 | Communication Skills Tips: How to Talk to ANYONE | Deepak Daiya'",2023-05-09T14:02:33Z,125244,9784,27
"h70GdtAkEOw","b'How To Eat Soup Dumplings (Without Scalding Yourself)'",2023-06-05T17:35:28Z,4081235,227374,26
"4W9pdDs-fio","b'\xf0\x9f\x94\xb4 LIVE | Mommy Learns How to Take Care of Baby with Baby Lycan @LYCANArabic'",2023-05-04T07:46:55Z,7123740,34551,27
"2aTKpV-1l2w","b'how to rizz a robot #shorts'",2023-05-04T01:08:00Z,21509353,23
"1QnU0FmPjGY","b'How to be HOT'",2023-05-21T08:00:02Z,82566,5631,26
"ahn1y_DlEmk","b'How to fly with a Gun \xe2\x9c\x88\xef\xb8\x8f\xf0\x9f\x94\xab'",2023-05-28T19:39:34Z,32458921,1927792,24
"gyCPMiqUc28","b'How To Decorate Big Empty Walls in Minecraft'",2023-05-18T18:02:39Z,1661371,231783,20
"X9Rtg0KFjYY","b'How to Fasten Hair Growth\xf0\x9f\x91\xb1\xe2\x80\x8d\xe2\x99\x82\xef\xb8\x8f#dailyshorts #hairgrowth #haircare #hairfall #mensfashion #styletips'",2023-06-04T08:31:34Z,1411883,111307,22
"BxX767BGhRw","b'How To Make An Affiliate Marketing Website ~ 2023 ~ Make $21,000 A Month Passive Income'",2023-05-07T17:39:30Z,61890,3569,26
"tX4eP5QSTsE","b'Drinking The 90s | How to Drink'",2023-06-07T15:31:10Z,272117,8924,26
"xFUHhz1l3Dw","b'How to Sneak Makeup \xf0\x9f\x92\x84\xf0\x9f\x98\x82 #shorts'",2023-05-25T08:27:51Z,4474068,75466,24
"4xQa-9wsSqA","b'How to Remove Tanning \xf0\x9f\x94\xa5 #shorts'",2023-05-04T04:28:26Z,883594,88068,22
"6jtg-3FN6FE","b'HOW TO Pick Up a Puppy Properly'",2023-05-16T23:47:21Z,28310148,1405140,15
"f2gD_l54Y2o","b'How to Get HUGE QUOKKA!! (Pet Simulator X)'",2023-06-08T00:34:44Z,68858,3260,20
"Bz3uUH0PgF4","b'How to fix thin dreads #dreads #locs'",2023-05-21T01:44:57Z,2227242,121558,26
"n5zpM3KfFZU","b"how to be ' that guy '"",2023-06-04T12:43:42Z,133014,6638,22
"RJKFH82C9nk","b'Who Died: June 2023 Week 1 | News'",2023-06-09T14:52:11Z,619831,9547,25
"I1HggcfnHpo","b"Woman accuses man in electric car of 'polluting' the air: 'Lefties Losing It'"",2023-06-09T11:32:26Z,453077,16936,25
"BoGVKhgLWvo","b"LIVE: Special Counsel Jack Smith delivers statement following former Pres. Trump's indictment"",2023-06-09T20:19:05Z,439065,3860,25
"64nPyMpfP-I","b'Trump reacts to reports of 2nd indictment'",2023-06-09T00:28:27Z,43280,458,25
"U0EZNjJM-ZI","b'Evidence of explosion near Ukraine dam say Norway scientists - BBC News'",2023-06-09T11:42:52Z,753839,7281,25
"EJCu4_QYsQk","b"'He Committed Perjury': GOP Lawmaker Calls For The Impeachment Of Sec. Alejandro Mayorkas"",2023-06-09T16:18:10Z,107897,3767,25
"7EbqmS3vUz4","b'Breaking News: Donald Trump indicted on at least seven federal accounts - Watch Live'",2023-06-09T03:08:22Z,482089,5052,25
"BooGZ4yDL8c","b'90 million Americans under air quality alerts due to Canadian wildfire smoke'",2023-06-07T23:30:01Z,566085,5465,25
"setGmkDl-tw","b'CBC Vancouver News at 6. June 08 - Residents of Tumbler Ridge told to leave as wildfire approaches'",2023-06-09T01:33:19Z,7594,47,25
"VaxuzCE3Fnw","b'Suspect detained after four toddlers stabbed in France playground | 9 News Australia'",2023-06-09T08:29:28Z,24117,160,25
"gKvsz3LPeuI","b'Municipality Scam News LIVE | \xe0\xa6\xaa\xe0\xa7\x81\xe0\xa6\xb0 \xe0\xa6\xa8\xe0\xa6\xbf\xe0\xa7\x9f\xe0\xa7\x8b\xe0\xa6\x97 \xe0\xa6\xa6\xe0\xa7\x81\xe0\xa6\xb0\xe0\xa7\x8d\xe0\xa6\xa8\xe0\xa7\x80\xe0\xa6\xa4\xe0\xa6\xbf\xe0\xa6\xb0 \xe0\xa6\xa4\xe0\xa6\xa6\xe0\xa6\xa8\xe0\xa7\x8d\xe0\xa6\xa4\xe0\xa7\x87 CBI-\xe0\xa6\xb9\xe0\xa6\xbe\xe0\xa6\xa8\xe0\xa6\xbe \xe0\xa6\xa8\xe0\xa6\xbf\xe0\xa7\x9f\xe0\xa7\x87 \xe0\xa6\x8f\xe0\xa6\x95\xe0\xa7\x80 \xe0\xa6\xac\xe0\xa6\xb2\xe0\xa6\xb2\xe0\xa7\x87\xe0\xa6\xa8 \xe0\xa6\xab\xe0\xa6\xbf\xe0\xa6\xb0\xe0\xa6\xb9\xe0\xa6\xbe\xe0\xa6\xa6 \xe0\xa6\xb9\xe0\xa6\xbe\xe0\xa6\x95\xe0\xa6\xbf\xe0\xa6\xae?'",2023-06-08T12:33:10Z,108834,625,25
"PdvI1j_hbsQ","b'Main suspect in 2005 disappearance of Natalee Holloway arrives in US from Peru to face charges'",2023-06-09T05:31:37Z,8410,62,25
"cXoPBD7CIFQ","b'\xe0\xb7\x84\xe0\xb7\x92\xe0\xb6\xbb\xe0\xb7\x94 \xe0\xb6\xbb\xe0\xb7\x8f\xe0\xb6\xad\xe0\xb7\x8a\xe2\x80\x8d\xe0\xb6\xbb\xe0\xb7\x93 9.55 \xe0\xb6\xb4\xe0\xb7\x8a\xe2\x80\x8d\xe0\xb6\xbb\xe0\xb6\xb0\xe0\xb7\x8f\xe0\xb6\xb1 \xe0\xb6\xb4\xe0\xb7\x8a\xe2\x80\x8d\xe0\xb6\xbb\xe0\xb7\x80\xe0\xb7\x98\xe0\xb6\xad\xe0\xb7\x8a\xe0\xb6\xad\xe0\xb7\x92 \xe0\xb6\xb4\xe0\xb7\x8a\xe2\x80\x8d\xe0\xb6\xbb\xe0\xb6\x9a\xe0\xb7\x8f\xe0\xb7\x81\xe0\xb6\xba - Hiru TV NEWS 9:55 PM LIVE | 2023-06-09'",2023-06-09T17:17:23Z,19729,166,25
"3bLCY2FgTuo","b'Four children fighting for life after knife attack in France | ABC News'",2023-06-08T22:31:42Z,37640,301,25
"34iO-ep18L4","b'\xe0\xb6\x85\xe0\xb6\xaf \xe0\xb6\xaf\xe0\xb7\x99\xe0\xb6\xbb\xe0\xb6\xab 6.55 \xe0\xb6\xb4\xe0\xb7\x8a\xe2\x80\x8d\xe0\xb6\xbb\xe0\xb6\xb0\xe0\xb7\x8f\xe0\xb6\xb1 \xe0\xb6\xb4\xe0\xb7\x94\xe0\xb7\x80\xe0\xb6\xad\xe0\xb7\x8a \xe0\xb7\x80\xe0\xb7\x92\xe0\xb6\x9a\xe0\xb7\x8f\xe0\xb7\x81\xe0\xb6\xba - 2023.06.08 | Ada Derana Prime Time News Bulletin'",2023-06-08T14:18:03Z,58033,538,25
"olWx_IiH7zs","b'Stay Tuned NOW with Gadi Schwartz - June 5 | NBC News NOW'",2023-06-06T04:16:18Z,8479,52,25
"pr6J-xR9574","b'Breaking News LIVE: \xe0\xa4\xac\xe0\xa4\xbe\xe0\xa4\xb2\xe0\xa4\xbe\xe0\xa4\xb8\xe0\xa5\x8b\xe0\xa4\xb0 \xe0\xa4\xaa\xe0\xa4\xb9\xe0\xa5\x81\xe0\xa4\x82\xe0\xa4\x9a\xe0\xa5\x80 CBI \xe0\xa4\x95\xe0\xa5\x80 \xe0\xa4\x9f\xe0\xa5\x80\xe0\xa4\xae \xe0\xa4\x95\xe0\xa4\xb0 \xe0\xa4\xa6\xe0\xa4\xbf\xe0\xa4\xaf\xe0\xa4\xbe \xe0\xa4\xac\xe0\xa4\xa1\xe0\xa4\xbc\xe0\xa4\xbe \xe0\xa4\x96\xe0\xa5\x81\xe0\xa4\xb2\xe0\xa4\xbe\xe0\xa4\xb8\xe0\xa4\xbe | Odisha Train Accident \xe0\xa5\xa4 Balasore'",2023-06-07T06:34:59Z,794779,4124,25
"eRArHqtnxoE","b"China's Aggressive Actions | The Global Lane - June 8, 2023"",2023-06-08T23:00:15Z,100231,1694,25
"Frk4OIP-rbM","b'CBC Vancouver News at 6. June 07 - Wildfire closes the only highway leading into Port Alberni'",2023-06-08T02:05:13Z,7271,45,25
"CAn2byPRKCY","b'GREG NEWS | PRAGMATISMO'",2023-06-05T10:00:15Z,598576,56615,25
"lA0_T6Uvo6w","b'Odisha Train Accident | \xe0\xae\x95\xe0\xaf\x8b\xe0\xae\xb0 \xe0\xae\xb5\xe0\xae\xbf\xe0\xae\xaa\xe0\xae\xa4\xe0\xaf\x8d\xe0\xae\xa4\xe0\xae\xbf\xe0\xae\xb2\xe0\xaf\x8d \xe0\xae\x95\xe0\xaf\x8b\xe0\xae\xb0\xe0\xae\xae\xe0\xae\xbe\xe0\xae\xa3\xe0\xaf\x8d\xe0\xae\x9f\xe0\xae\xb2\xe0\xaf\x8d \xe0\xae\xb0\xe0\xae\xaf\xe0\xae\xbf\xe0\xae\xb2\xe0\xaf\x8d - \xe0\xae\xb5\xe0\xae\xbf\xe0\xae\xaa\xe0\xae\xa4\xe0\xaf\x8d\xe0\xae\xa4\xe0\xaf\x81 \xe0\xae\xa8\xe0\xae\x9f\xe0\xae\xa8\xe0\xaf\x8d\xe0\xae\xa4\xe0\xae\xa4\xe0\xaf\x81 \xe0\xae\x8e\xe0\xae\xaa\xe0\xaf\x8d\xe0\xae\xaa\xe0\xae\x9f\xe0\xae\xbf ? | Tamil News'",2023-06-05T02:24:51Z,1844297,39329,25
"KjfoGJiMLiw","b'\xe3\x80\x90\xe5\xa4\x9c\xe3\x83\x8b\xe3\x83\xa5\xe3\x83\xbc\xe3\x82\xb9\xe3\x83\xa9\xe3\x82\xa4\xe3\x83\x96\xe3\x80\x91\xe6\x9c\x80\xe6\x96\xb0\xe3\x83\x8b\xe3\x83\xa5\xe3\x83\xbc\xe3\x82\xb9\xe3\x81\xa8\xe7\x94\x9f\xe6\xb4\xbb\xe6\x83\x85\xe5\xa0\xb1\xef\xbc\x886\xe6\x9c\x889\xe6\x97\xa5\xef\xbc\x89\xe2\x80\x95\xe2\x80\x95THE LATEST NEWS SUMMARY\xef\xbc\x88\xe6\x97\xa5\xe3\x83\x86\xe3\x83\xacNEWS LIVE\xef\xbc\x89'",2023-06-09T20:11:51Z,21726,66,25
"fmWbTSxq0gs","b'\xe0\xb4\xb8\xe0\xb4\xa8\xe0\xb5\x8d\xe0\xb4\xa7\xe0\xb5\x8d\xe0\xb4\xaf\xe0\xb4\xbe\xe0\xb4\xb5\xe0\xb4\xbe\xe0\xb5\xbc\xe0\xb4\xa4\xe0\xb5\x8d\xe0\xb4\xa4  | 6 PM News |JUNE 6, 2023'",2023-06-06T14:02:22Z,143259,694,25
"beZinoFtEPc","b'First Trade | Zee Business Live | Share Market Live Updates | Stock Market News Live | 6th June 2023'",2023-06-06T11:25:40Z,530384,3919,25
"NhzMg6TuRWQ","b'Sky News Explains: Prince Harry gives evidence at High Court in hacking case'",2023-06-07T19:31:45Z,9233,90,25
"UGjSG-ydHlg","b'BREAKING: DONALD TRUMP INDICTED IN FLORIDA'",2023-06-09T02:26:03Z,396348,38758,24
"EI4hOz_qcog","b'\xe0\xb7\x84\xe0\xb7\x92\xe0\xb6\xbb\xe0\xb7\x94 \xe0\xb7\x83\xe0\xb7\x80\xe0\xb7\x83 6.55 \xe0\xb6\xb4\xe0\xb7\x8a\xe2\x80\x8d\xe0\xb6\xbb\xe0\xb6\xb0\xe0\xb7\x8f\xe0\xb6\xb1 \xe0\xb6\xb4\xe0\xb7\x8a\xe2\x80\x8d\xe0\xb6\xbb\xe0\xb7\x80\xe0\xb7\x98\xe0\xb6\xad\xe0\xb7\x8a\xe0\xb6\xad\xe0\xb7\x92 \xe0\xb6\xb4\xe0\xb7\x8a\xe2\x80\x8d\xe0\xb6\xbb\xe0\xb6\x9a\xe0\xb7\x8f\xe0\xb7\x81\xe0\xb6\xba - Hiru TV NEWS 6:55 PM LIVE | 2023-06-07'",2023-06-07T14:13:04Z,42904,515,25
"KsvXj7vDE0Y","b'TARICO FAKE NEWS: "HORACIO RODR\xc3\x8dGUEZ LARRETA\xe2\x80\x9d y "VICTOR HUGO MORALES" en "S\xc3\xb3lo una vuelta m\xc3\xa1s"'",2023-06-08T23:20:49Z,29443,598,22
"TgQ675mFKiY","b'UP News: \xe0\xa4\xb9\xe0\xa4\xbe\xe0\xa4\xaa\xe0\xa5\x81\xe0\xa4\xa1\xe0\xa4\xbc \xe0\xa4\xae\xe0\xa5\x87\xe0\xa4\x82 \xe0\xa4\xaf\xe0\xa5\x81\xe0\xa4\xb5\xe0\xa4\x95 \xe0\xa4\xa8\xe0\xa5\x87 \xe0\xa4\x9a\xe0\xa4\x82\xe0\xa4\xa1\xe0\xa5\x80 \xe0\xa4\xae\xe0\xa4\x82\xe0\xa4\xa6\xe0\xa4\xbf\xe0\xa4\xb0 \xe0\xa4\xae\xe0\xa5\x87\xe0\xa4\x82 \xe0\xa4\xaa\xe0\xa4\xa2\xe0\xa4\xbc\xe0\xa5\x80 \xe0\xa4\xa8\xe0\xa4\xae\xe0\xa4\xbe\xe0\xa4\x9c, \xe0\xa4\xae\xe0\xa4\x9a\xe0\xa4\xbe \xe0\xa4\xac\xe0\xa4\xb5\xe0\xa4\xbe\xe0\xa4\xb2 | R Bharat'",2023-06-09T09:02:08Z,17094,25
"aQyJsYd773I","b'\xe0\xb4\x95\xe0\xb5\x86 \xe0\xb4\xb8\xe0\xb5\x81\xe0\xb4\xa7\xe0\xb4\xbe\xe0\xb4\x95\xe0\xb4\xb0\xe0\xb4\xa8\xe0\xb5\x81\xe0\xb4\xae\xe0\xb4\xbe\xe0\xb4\xaf\xe0\xb4\xbf \xe0\xb4\x95\xe0\xb5\x82\xe0\xb4\x9f\xe0\xb4\xbf\xe0\xb4\x95\xe0\xb5\x8d\xe0\xb4\x95\xe0\xb4\xbe\xe0\xb4\xb4\xe0\xb5\x8d\xe0\xb4\x9a \xe0\xb4\xa8\xe0\xb4\x9f\xe0\xb4\xa4\xe0\xb5\x8d\xe0\xb4\xa4\xe0\xb4\xbf \xe0\xb4\xb0\xe0\xb4\xae\xe0\xb5\x87\xe0\xb4\xb6\xe0\xb5\x8d \xe0\xb4\x9a\xe0\xb5\x86\xe0\xb4\xa8\xe0\xb5\x8d\xe0\xb4\xa8\xe0\xb4\xbf\xe0\xb4\xa4\xe0\xb5\x8d\xe0\xb4\xa4\xe0\xb4\xb2; \xe0\xb4\xb5\xe0\xb4\xb0\xe0\xb5\x81\xe0\xb4\x82 \xe0\xb4\xa8\xe0\xb5\x80\xe0\xb4\x95\xe0\xb5\x8d\xe0\xb4\x95\xe0\xb4\x99\xe0\xb5\x8d\xe0\xb4\x99\xe0\xb5\xbe \xe0\xb4\x8e\xe0\xb4\xa8\xe0\xb5\x8d\xe0\xb4\xa4\xe0\xb5\x8a\xe0\xb4\x95\xe0\xb5\x8d\xe0\xb4\x95\xe0\xb5\x86? | KPCC'",2023-06-09T14:05:01Z,20485,75,25
"KnLRatGnhQI","b"\xe0\xa6\xa4\xe0\xa6\xbe\xe0\xa6\xaa\xe0\xa6\xaa\xe0\xa7\x8d\xe0\xa6\xb0\xe0\xa6\xac\xe0\xa6\xbe\xe0\xa6\xb9 \xe0\xa6\xa8\xe0\xa6\xbf\xe0\xa6\xaf\xe0\xa6\xbc\xe0\xa7\x87 \xe0\xa6\xaf\xe0\xa7\x87 '\xe0\xa6\xa6\xe0\xa7\x81\xe0\xa6\x83\xe0\xa6\xb8\xe0\xa6\x82\xe0\xa6\xac\xe0\xa6\xbe\xe0\xa6\xa6' \xe0\xa6\xa6\xe0\xa6\xbf\xe0\xa6\xb2 \xe0\xa6\x86\xe0\xa6\xac\xe0\xa6\xb9\xe0\xa6\xbe\xe0\xa6\x93\xe0\xa6\xaf\xe0\xa6\xbc\xe0\xa6\xbe \xe0\xa6\x85\xe0\xa6\xab\xe0\xa6\xbf\xe0\xa6\xb8 | Weather | Rtv News"",2023-06-06T10:15:00Z,1361299,12452,25
"IQtpPtlMFsE","b'Siyatha News | 06.00 PM | 09 - 06 - 2023'",2023-06-09T13:32:45Z,13622,186,25
"EVuLTkvjovc","b'UNTV News Worldwide | June 9, 2023'",2023-06-08T21:15:57Z,62751,445,25
"Ye0WG8zZUro","b'Sakto | TeleRadyo (7 June 2023)'",2023-06-06T23:34:59Z,36456,302,25
"YA1DaDCoVbc","b'Rana Sanaullah Resignation? | BOL News Headlines At 9 PM | Shehbaz Govt In Trouble'",2023-06-06T16:47:36Z,254699,3412,25
"fPQKdKfhLtI","b'Could El Nino push us past the 1.5 degree point?  | DW News'",2023-06-09T18:23:48Z,99512,1152,25
"xZbYUlswzj8","b'Mukhtar Ansari \xe0\xa4\x95\xe0\xa5\x87 \xe0\xa4\x95\xe0\xa4\xb0\xe0\xa5\x80\xe0\xa4\xac\xe0\xa5\x80 Sanjeev Jeeva \xe0\xa4\x95\xe0\xa5\x80 \xe0\xa4\x97\xe0\xa5\x8b\xe0\xa4\xb2\xe0\xa5\x80 \xe0\xa4\xae\xe0\xa4\xbe\xe0\xa4\xb0\xe0\xa4\x95\xe0\xa4\xb0 \xe0\xa4\xb9\xe0\xa4\xa4\xe0\xa5\x8d\xe0\xa4\xaf\xe0\xa4\xbe | Lucknow Court | CM Yogi | Breaking News'",2023-06-07T13:55:53Z,61176,408,25
"TSO-I4DltOE","b'\xe0\xb6\x85\xe0\xb6\xaf \xe0\xb6\xaf\xe0\xb7\x99\xe0\xb6\xbb\xe0\xb6\xab 6.55 \xe0\xb6\xb4\xe0\xb7\x8a\xe2\x80\x8d\xe0\xb6\xbb\xe0\xb6\xb0\xe0\xb7\x8f\xe0\xb6\xb1 \xe0\xb6\xb4\xe0\xb7\x94\xe0\xb7\x80\xe0\xb6\xad\xe0\xb7\x8a \xe0\xb7\x80\xe0\xb7\x92\xe0\xb6\x9a\xe0\xb7\x8f\xe0\xb7\x81\xe0\xb6\xba -  2023.06.07 | Ada Derana Prime Time News Bulletin'",2023-06-07T14:23:44Z,51968,472,25
"CNmTJRou15A","b'Morning News NOW Full Broadcast - June 7'",2023-06-07T16:43:49Z,95750,371,25
"P7TnKzjTGJA","b'Ukraine accuses Russia of shelling Kherson evacuations \xe2\x80\x93 BBC News'",2023-06-09T10:04:05Z,95341,1178,25
"zfrt7QVXJUY","b'Trump Indictment: Speaker McCarthy, Ron DeSantis, And Elon Musk React'",2023-06-09T13:43:38Z,152832,2175,25
"0GQZKc6Hf_8","b'LIVE | TOM TV 3:00 PM MANIPURI NEWS, 06 JUNE  2023'",2023-06-06T10:01:36Z,41781,708,25
"FPCtQ70-qPM","b'Local 10 News Weather Brief: 06/09/2023 Morning Edition'",2023-06-09T10:04:57Z,867,12,25
"AEHpJcp5cB8","b'\xe0\xb7\x84\xe0\xb7\x92\xe0\xb6\xbb\xe0\xb7\x94 \xe0\xb6\xb8\xe0\xb6\xb0\xe0\xb7\x8a\xe2\x80\x8d\xe0\xb6\xba\xe0\xb7\x8f\xe0\xb7\x84\xe0\xb7\x8a\xe0\xb6\xb1 11.55 \xe0\xb6\xb4\xe0\xb7\x8a\xe2\x80\x8d\xe0\xb6\xbb\xe0\xb6\xb0\xe0\xb7\x8f\xe0\xb6\xb1 \xe0\xb6\xb4\xe0\xb7\x8a\xe2\x80\x8d\xe0\xb6\xbb\xe0\xb7\x80\xe0\xb7\x98\xe0\xb6\xad\xe0\xb7\x8a\xe0\xb6\xad\xe0\xb7\x92 \xe0\xb6\xb4\xe0\xb7\x8a\xe2\x80\x8d\xe0\xb6\xbb\xe0\xb6\x9a\xe0\xb7\x8f\xe0\xb7\x81\xe0\xb6\xba - Hiru TV NEWS 11:55 AM LIVE | 2023-06-08'",2023-06-08T07:10:11Z,28117,278,25
"usDBWEUgXaQ","b'Rana Sanaullah In Trouble? | BOL News Headlines At 12 AM | Supreme Court Latest News'",2023-06-06T19:39:25Z,286834,2025,25
"qqoizfOnVFI","b'News Headlines 5 Minutes 21 Headlines | 06-06-2023 | @newsfirstkannada'",2023-06-06T02:34:08Z,285037,1357,25
"9B1pWLdIigs","b'Bagyong Chedeng, patuloy na lumalakas habang nasa Philippine Sea | GMA Integrated News Bulletin'",2023-06-07T02:13:30Z,22950,227,25
"KVZmmC5xYwc","b'Superfast News LIVE: \xe0\xa4\x86\xe0\xa4\x9c \xe0\xa4\x95\xe0\xa5\x80 \xe0\xa4\xb8\xe0\xa4\xad\xe0\xa5\x80 \xe0\xa4\xac\xe0\xa4\xa1\xe0\xa4\xbc\xe0\xa5\x80 \xe0\xa4\x96\xe0\xa4\xac\xe0\xa4\xb0\xe0\xa5\x87\xe0\xa4\x82 \xe0\xa4\xa6\xe0\xa5\x87\xe0\xa4\x96\xe0\xa4\xbf\xe0\xa4\x8f| Kohlapur | Odisha Train Accident| PM Modi| Congress'",2023-06-08T01:41:27Z,63101,247,25
"aBfElzJ2ayw","b'Try Not To Laugh Funny Videos - Big Fat Fails Compilation'",2023-06-08T13:00:00Z,392518,1580,22
"lNh6V68a5rQ","b'Roblox Rainbow Friends CHAPTER 2 Funny Moments'",2023-06-09T11:48:29Z,256944,9302,20
"wwAG9TrCchU","b'Angry People Failing At Everything! Hilarious Rage Compilation'",2023-06-07T13:00:46Z,1510387,17709,24
"IJ4R1Wpj5NY","b"Try Not To Laugh Funny Videos - Don't Try These Outdoor Fails At Home"",2023-06-06T13:00:10Z,204030,877,22
"DMDd3LEjbUU","b'Instant Regret - Fails Compilation | Funny Fails'",2023-05-28T13:30:03Z,241439,1629,23
"mEYCFBYnFPE","b'Remember To Pace Yourself! | HILARIOUS Sports Fails'",2023-06-08T22:00:32Z,15866,393,23
"cxl14LGjtdw","b'Funny Rejection Texts!'",2023-06-05T22:54:30Z,1604155,173611,20
"LiZNwHB8vAo","b'My Rainbow Friends Are A NIGHTMARE In Roblox!'",2023-06-03T21:00:06Z,3726129,61108,20
"MGDNG3VE424","b'*1+ HOURS SPECIAL* Impossible Try Not to Laugh Challenge\xf0\x9f\x98\x82 Funny Fails 2023| Best Fails of the Year!'",2023-06-05T16:30:02Z,171668,890,24
"kMKbA747xtU","b'Try Not To Laugh Funny Videos - A Full Hour of the Funniest Fails'",2023-06-03T13:15:01Z,195859,988,22
"mcxqzyJrUdI","b'Fails With Friends! Funny Group Fails Compilation'",2023-05-31T13:00:37Z,1323068,15839,24
"a3rrrkxOzMk","b'People Die Inside | Instant Regret | Funny Fails Compilation'",2023-06-04T19:00:00Z,163228,1713,23
"kM5-iAFCLOc","b"Try Not To Laugh Funny Videos - You Won't Know What Happens Next"",2023-05-30T14:00:27Z,155082,661,22
"pkDnSDgUPVU","b'Golf-it Funny Moments - Troll Map and Beautiful New Hats!'",2023-06-08T00:22:18Z,825902,38738,20
"xxz__5b57Rc","b'People Die Inside | Instant Regret | Funny Fails Compilation'",2023-05-28T19:00:33Z,344267,3261,23
"8uur0PQs-BA","b'Funny Girls Fails ! \xf0\x9f\x98\x82 | Funny Women Fail Videos Of all time I #36'",2023-05-29T18:06:38Z,67058,580,23
"R-gRFJ965ZA","b'Funniest Dogs Reaction - Funny Animal Videos 2023 \xf0\x9f\x90\xb6\xf0\x9f\x98\xb9  | Pets Island'",2023-06-08T13:00:27Z,53533,348,22
"fH2_QBX3bYI","b'ISSEI funny video \xf0\x9f\x98\x82\xf0\x9f\x98\x82\xf0\x9f\x98\x82 New Meme Remix'",2023-06-05T14:00:21Z,7593693,341918,24
"agYLZST758I","b'ISSEI funny video \xf0\x9f\x98\x82\xf0\x9f\x98\x82\xf0\x9f\x98\x82 New Meme Challenge Remix'",2023-06-09T14:30:00Z,1159610,55393,24
"IMAVVibl5S0","b'\xe0\xa6\x9f\xe0\xa6\xbf\xe0\xa6\x82\xe0\xa6\x95\xe0\xa7\x81 \xe0\xa6\x8f\xe0\xa6\x9f\xe0\xa6\xbe \xe0\xa6\x95\xe0\xa6\xbf \xe0\xa6\x95\xe0\xa6\xb0\xe0\xa6\xb2 \xe0\xa6\xb9\xe0\xa6\xbe\xe0\xa6\xb8\xe0\xa6\xbf\xe0\xa6\xb0 \xe0\xa6\xb8\xe0\xa6\xbe\xe0\xa6\xa5\xe0\xa7\x87|Tinku Hasi Comedy|Bangla Funny Video #shorts'",2023-05-08T14:18:33Z,326706,23171,23
"T9G8yyMyR0Y","b'Must Watch New Entertainment Top Funny Video 2023 \xf0\x9f\x98\x82 Superhit Comedy 2023 Episode 88 By @HaHaidea'",2023-06-09T03:00:21Z,145729,547,24
"yA8Ricrv2oI","b'Try Not To Laugh Funny Videos - When Everything Goes Wrong'",2023-05-23T13:00:47Z,256341,1064,22
"NXDUUGkmPRI","b'Instant Regret Fails Compilation | Funny Fails'",2023-05-25T19:00:18Z,178645,2144,23
"QF__DDcFQ98","b'Don`t Miss Special Funniest Comedy Video \xf0\x9f\x98\x82 Must Watch Viral Funny Video By Our Fun Tv'",2023-06-09T03:44:30Z,2491450,7783,24
"6ErPLvcb6eo","b'Funny and Crazy Dance in Crowd\xf0\x9f\xa4\xa3\xe2\x9d\xa4\xef\xb8\x8f||Crazy Dance in Public\xf0\x9f\xa4\xa3||Public Reaction Prank Video\xf0\x9f\x98\x82||Comedy\xf0\x9f\x98\x82'",2023-06-04T03:30:03Z,2355171,114973,24
"Q0WHt8ofun8","b'Funniest try not to laugh moments.'",2023-05-27T15:00:28Z,617423,11159,24
"psoF_NcYsrI","b'Funny Phasmophobia Ouija Board Moments!'",2023-05-26T22:01:45Z,4040526,272752,20
"zB5oQc4aqyY","b'\xe0\xa4\xb2\xe0\xa5\x8b\xe0\xa4\x97\xe0\xa5\x8b\xe0\xa4\x82 \xe0\xa4\x95\xe0\xa5\x87 \xe0\xa4\x95\xe0\xa5\x81\xe0\xa4\x9b crazy \xe0\xa4\x95\xe0\xa4\xbe\xe0\xa4\xb0\xe0\xa4\xa8\xe0\xa4\xbe\xe0\xa4\xae\xe0\xa5\x87 \xf0\x9f\x98\x9d\xf0\x9f\xa4\xa3\xf0\x9f\x98\x85 | Funny Facts | Amazing Facts #shorts #youtubeshorts #funny'",2023-05-29T16:05:00Z,1601755,69373,27
"zTEEF1jSvrw","b'Spider-Man funny video \xf0\x9f\x98\x82\xf0\x9f\x98\x82\xf0\x9f\x98\x82 | SPIDER-MAN Best TikTok May 2023 Part13 #shorts #sigma'",2023-06-04T10:00:43Z,25364747,442102,23
"34Wc3kynSJc","b'Try Not To Laugh Funny Videos - Idiots In Cars Caught On Camera'",2023-05-25T13:01:14Z,260415,944,22
"OjpDm-lD8dg","b'Instant Regret - Fails Compilation | Funny Fails'",2023-05-14T13:18:07Z,250688,1759,23
"I48TMLPXIbQ","b'Sagawa1gou funny video \xf0\x9f\x98\x82\xf0\x9f\x98\x82\xf0\x9f\x98\x82 | SAGAWA Best Shorts 2023 #shorts'",2023-06-03T10:00:19Z,729740,23870,24
"3iNsIJltZo4","b'YOU LAUGH, YOU LOSE \xf0\x9f\xa4\xa3 #371'",2023-06-03T20:30:01Z,1226911,133206,24
"RELjJhgqx2w","b'New Funny and Fail Videos 2023 \xf0\x9f\x98\x82 Cutest People Doing Funny Things \xf0\x9f\x98\xba\xf0\x9f\x98\x8d Part 49'",2023-06-03T04:30:11Z,381130,1672,23
"UFSOZQ3elRw","b'Do You Understand Sigma Girl? #tiktok #sigmameme #funny'",2023-06-05T12:32:57Z,2746533,151755,24
"OuL5_KCKrdM","b'People Die Inside | Instant Regret | Funny Fails Compilation'",2023-05-07T19:00:08Z,384761,3747,23
"iOk_9U4bHRs","b'Bachpan Ka Pyar \xf0\x9f\x98\x82\xe2\x9d\xa4\xef\xb8\x8f | Dramebaaz Baccha \xf0\x9f\x91\xa6\xf0\x9f\xa5\xb2 #shorts #aruj #comedy #funny'",2023-05-16T06:42:39Z,3105597,216649,23
"n6EKQA2gsoQ","b'Fortnite WTF Moments 738'",2023-06-08T21:56:26Z,36725,439,20
"LXvbvxgw1tw","b'Funny Videos | Instant Regret | Fails Of The Week | Fail Compilation | Fails | RandomFails'",2023-06-03T13:00:13Z,134510,981,24
"blzFEx-oKiY","b'Ayana maa aayana part -14 #prashucomedy #funny #telugucomedy #prashubaby #shorts'",2023-05-26T06:14:42Z,9449180,551869,24
"PzwAsfNFUF4","b'Merante ne istam\xf0\x9f\xa5\xb0 #prashucomedy #funny #telugucomedy #prashubaby #shorts'",2023-06-03T10:48:26Z,3224474,188989,24
"RIRnpcOIj6c","b'BAISAKHA JESTHA  || khordha toka || Funny angulia || Mr.Dhenkanalia || Comedy'",2023-06-01T13:48:46Z,2379449,119008,23
"4G2ehYzXHss","b'Instant Regret - Fails Compilation | Funny Fails'",2023-06-05T13:30:01Z,59261,466,22
"CQhF1gnfnJE","b'FUNNIEST KID TEST ANSWERS Part 55'",2023-06-05T21:30:07Z,244883,9803,24
"iSpRuTZYtMM","b'Itna bada dhoka\xf0\x9f\xa5\xba\xf0\x9f\x92\x94\xf0\x9f\x98\xad. #shorts #comedy #shadab707 #funny #ytshorts #shadab5star #couple'",2023-06-04T06:37:17Z,10480903,309000,24
"-FaLTylftC0","b'Biwi no.1\xf0\x9f\x98\x82||funny video ||#shorts #youtubeshorts #comedy #comedyshorts #funny #golu008'",2023-06-02T16:32:49Z,21285658,886829,22
"Mzj4JfshD5w","b'LI\xc3\x8aN QU\xc3\x82N | Zuka B\xc3\xa9o th\xe1\xba\xa5y Nakroth c\xc5\xa9ng t\xe1\xbb\x99i m\xc3\xa0 th\xc3\xb4i c\xc5\xa9ng k\xe1\xbb\x87 v\xc3\xa0 c\xc3\xa1i k\xe1\xba\xbft'",2023-05-22T13:10:26Z,179402,8860,20
"d-fsDxuvGKU","b'ISSEI funny video \xf0\x9f\x98\x82\xf0\x9f\x98\x82\xf0\x9f\x98\x82 New Meme Remix'",2023-05-16T12:00:24Z,2559412,140132,24
"-a43xLs0AeI","b'Zach Galifianakis: \xe2\x80\x9cWho\xe2\x80\x99s the Boss Now?\xe2\x80\x9d - Full Special'",2023-06-09T16:00:07Z,127505,1836,23
"q48XHFpsIBw","b'Dads Are Always Getting The Short End Of The Stick. Randy Lubas'",2023-06-08T23:45:02Z,88663,1567,23
"y3FhWqzKhVc","b"Ricky Gervais' Funniest Best Friend Stories | Universal Comedy"",2023-05-04T19:04:13Z,506056,4192,23
"7U2qxg4Ryso","b'Hospital Fetish - Living With Dad (Mark Angel Comedy)'",2023-06-09T17:51:33Z,150441,5886,23
"1D718qpXt-0","b'Star Magic | Flowers | EP# 556'",2023-06-09T15:16:40Z,2303050,59353,24
"VG_GhSaQdQU","b'JEEVANSATHI vs DATING APPS I Gaurav Kapoor | Stand Up Comedy'",2023-06-02T05:35:45Z,1736945,59686,23
"jcU9SyagBDw","b'\xd0\x9a\xd0\xb0\xd0\xbc\xd0\xb5\xd0\xb4\xd0\xb8 \xd0\x9a\xd0\xbb\xd0\xb0\xd0\xb1 \xc2\xab\xd0\xad\xd0\xba\xd0\xbe\xd0\xbd\xd0\xbe\xd0\xbc\xd0\xb8\xd0\xba\xd0\xb0\xc2\xbb \xd0\x93\xd0\xb0\xd1\x80\xd0\xb8\xd0\xba \xd0\xa5\xd0\xb0\xd1\x80\xd0\xbb\xd0\xb0\xd0\xbc\xd0\xbe\xd0\xb2, \xd0\x94\xd0\xb5\xd0\xbc\xd0\xb8\xd1\x81 \xd0\x9a\xd0\xb0\xd1\x80\xd0\xb8\xd0\xb1\xd0\xb8\xd0\xb4\xd0\xb8\xd1\x81'",2023-05-28T08:00:19Z,6397209,134932,23
"h1m2Olv_-6c","b'WAI WAI QUICK PYRO COMEDY CLUB WITH CHAMPIONS | EPI 64 | Kali Prasad Baskota'",2023-06-05T15:45:10Z,922645,17052,24
"CIYECBZxgWI","b'Comedy Club: \xd0\xa1\xd0\xbe\xd0\xb2\xd1\x80\xd0\xb5\xd0\xbc\xd0\xb5\xd0\xbd\xd0\xbd\xd0\xbe\xd0\xb5 \xd0\xbe\xd0\xb1\xd1\x89\xd0\xb5\xd0\xbd\xd0\xb8\xd0\xb5 | \xd0\x90\xd0\xbd\xd1\x82\xd0\xbe\xd0\xbd \xd0\x98\xd0\xb2\xd0\xb0\xd0\xbd\xd0\xbe\xd0\xb2, \xd0\x9a\xd0\xbe\xd0\xbd\xd1\x81\xd1\x82\xd0\xb0\xd0\xbd\xd1\x82\xd0\xb8\xd0\xbd \xd0\x91\xd1\x83\xd1\x82\xd1\x83\xd1\x81\xd0\xbe\xd0\xb2, \xd0\xa0\xd0\xbe\xd0\xbc\xd0\xb0\xd0\xbd \xd0\xa1\xd0\xb0\xd1\x84\xd0\xbe\xd0\xbd\xd0\xbe\xd0\xb2'",2023-06-03T08:00:08Z,2115228,40798,23
"YhX0-k4lw68","b'KARMA\xe2\x80\xa6\xf0\x9f\x98\xb3\xf0\x9f\x92\x80 #viral #comedy'",2023-06-05T19:22:42Z,5670242,318095,22
"6rAGt1UD0wo","b'Chris Distefano: Size 38 Waist - Full Special'",2023-05-29T01:00:10Z,739133,14049,23
"rGJ3kdWawr4","b'Comedy Club: \xd0\x90\xd0\xbd\xd0\xb4\xd1\x80\xd0\xb5\xd0\xb9 \xd0\x91\xd0\xb5\xd0\xb1\xd1\x83\xd1\x80\xd0\xb8\xd1\x88\xd0\xb2\xd0\xb8\xd0\xbb\xd0\xb8 - \xd0\xa1\xd0\xb2\xd0\xb0\xd0\xb4\xd1\x8c\xd0\xb1\xd0\xb0'",2023-05-05T08:00:20Z,2250523,49197,23
"QF__DDcFQ98","b'Don`t Miss Special Funniest Comedy Video \xf0\x9f\x98\x82 Must Watch Viral Funny Video By Our Fun Tv'",2023-06-09T03:44:30Z,2491450,7783,24
"RvPxfyy7D4s","b'\xd0\x9a\xd0\xb0\xd0\xbc\xd0\xb5\xd0\xb4\xd0\xb8 \xd0\x9a\xd0\xbb\xd0\xb0\xd0\xb1 \xc2\xab\xd0\x90\xd0\xb7\xd0\xb8\xd1\x8f\xd0\xb2\xd0\xb8\xd0\xb4\xd0\xb5\xd0\xbd\xd0\xb8\xd0\xb5\xc2\xbb \xd0\x93\xd0\xb0\xd1\x80\xd0\xb8\xd0\xba \xd0\xa5\xd0\xb0\xd1\x80\xd0\xbb\xd0\xb0\xd0\xbc\xd0\xbe\xd0\xb2, \xd0\x90\xd0\xbd\xd0\xb0\xd1\x82\xd0\xbe\xd0\xbb\xd0\xb8\xd0\xb9 \xd0\xa6\xd0\xbe\xd0\xb9'",2023-05-07T08:00:10Z,6201390,118948,23
"GNFoQ1ZrXcw","b'Top New Special Trending Comedy Video Amazing Funny Video 2023 Episode 130 By @funtvcomedy24'",2023-06-08T05:48:22Z,436097,1219,24
"Rn0hqYd_Ku8","b'PRO 6 SPIDER-MAN Team || BLUE is New Color SuperHero ??? ( Comedy Action Real Life ) by FLife TV'",2023-06-07T12:00:16Z,3414118,18370,24
"8F1RzLEnVB0","b'CHILD PSYCHOLOGY |Stand up comedy by Gaurav Gupta'",2023-05-21T03:20:55Z,2850970,136335,23
"aMSssYovjSM","b'\xe0\xa4\xaa\xe0\xa5\x8d\xe0\xa4\xaf\xe0\xa4\xbe\xe0\xa4\xb0 \xe0\xa4\xb8\xe0\xa5\x87 \xe0\xa4\xb2\xe0\xa5\x82\xe0\xa4\x9f \xe0\xa4\xb2\xe0\xa4\xbf\xe0\xa4\xaf\xe0\xa4\xbe \xf0\x9f\x98\x82\xf0\x9f\x98\x82 #comedy #realfools #surajroxfunnyvibeo #vikram #dosti #dukan'",2023-06-02T03:05:57Z,7635777,402574,22
"W9ayMja0wV8","b'Good Bad News  - Episode 95 (Mark Angel Comedy)'",2023-06-07T19:32:32Z,222697,7386,23
"9yP6TQO9QmU","b'Sachche ashique k beijjat nhi karna\xf0\x9f\x98\x8e\xf0\x9f\x98\x82 #shorts #comedy #funny'",2023-05-13T14:44:44Z,1949607,160922,23
"GH_3crAMjy0","b'INDIAN VLOGGERS, DIVORCE AND INFLUENCER ERA | STANDUP COMEDY ROAST BY LAKSHAY CHAUDHARY'",2023-06-07T09:41:47Z,923399,96347,23
"VHyD2gP2hQo","b'\xe0\xa4\xac\xe0\xa4\xbe\xe0\xa4\xaa \xe0\xa4\x95\xe0\xa5\x80 \xe0\xa4\xa6\xe0\xa5\x8c\xe0\xa4\xb2\xe0\xa4\xa4 | Aman Bhati | Aman With You'",2023-06-08T13:30:13Z,722657,23952,23
"63TD92YyjBo","b'Biwi no.1\xf0\x9f\x98\x82 #youtubeshorts #comedy #comedyshorts #funny #funnyreel #shorts #golu008 #biwino1'",2023-06-04T17:03:56Z,10503147,634106,22
"faHXkWVLvqY","b'Kaam Wali| season 2 | Ep 7 | Hyderabadi Comedy | Abdul Razzak | #kaamwalibaicomedy | Comedy Drama'",2023-06-09T10:30:21Z,237539,7697,23
"TK1Cfi7Fx_k","b'Worst Holiday Ever | Stand-up Comedy by Sapan Verma'",2023-05-30T06:53:41Z,504813,15745,23
"6YLrNtlR4jI","b'Chumma chipak ke leta hai \xf0\x9f\x98\x82\xf0\x9f\x98\x82 #SinuRox #teacherstudentcomedy #comedy #funny #comedyvideo #shorts'",2023-06-05T15:16:24Z,1691902,83822,23
"Y9QUCpohyck","b'Month End Paavangal | Parithabangal'",2023-06-04T12:10:21Z,2031908,113839,23
"iaBkoZHVHr0","b'Biwi no.1\xf0\x9f\x98\x82||funny video|| #youtubeshorts #comedy #funny #love #comedy #shorts #biwino1 #golu008'",2023-06-06T16:43:25Z,8081102,537923,22
"99CSFiKzPKY","b'Boyfriend v/s best friend \xf0\x9f\x98\x82 #shorts #comedy #funny'",2023-05-06T15:19:21Z,8831346,429013,23
"9GDUU2F6q40","b'U don\xe2\x80\x99t have to worry #shortvideo #relatable #funny #comedy #shorts #short'",2023-06-08T20:24:08Z,194619,12439,22
"N6sVejt5UsE","b'Paagun Latest Yoruba Movie 2023 Comedy | Apa | Wunmi Toriola | Kemity | Sisi Quadri'",2023-06-07T10:00:15Z,817290,8035,24
"TkV9NU5DoNo","b'\xe0\xa4\xab\xe0\xa4\xbf\xe0\xa4\xb0 \xe0\xa4\xb8\xe0\xa5\x87 \xe0\xa4\x85\xe0\xa4\xaa\xe0\xa4\xa8\xe0\xa5\x87 \xe0\xa4\xa6\xe0\xa5\x8b\xe0\xa4\xb8\xe0\xa5\x8d\xe0\xa4\xa4\xe0\xa5\x8b\xe0\xa4\x82 \xe0\xa4\x95\xe0\xa5\x87 \xe0\xa4\xac\xe0\xa4\xbe\xe0\xa4\xb0\xe0\xa5\x87 \xe0\xa4\xae\xe0\xa5\x87\xe0\xa4\x82 \xe0\xa4\x95\xe0\xa5\x8d\xe0\xa4\xaf\xe0\xa4\xbe \xe0\xa4\x95\xe0\xa4\xb9\xe0\xa4\xbe \xf0\x9f\x98\x82\xf0\x9f\x98\x82 #SinuRox #teacherstudentcomedy #comedy #funny #shorts'",2023-06-09T03:41:54Z,1220457,70439,23
"MyeBqaGeYFY","b'maal peyenge \xf0\x9f\x98\x82\xf0\x9f\x98\x82 #comedy #surajroxfunnyvibeo #vikram #realfools #polish #maalpiyenge'",2023-05-14T14:07:58Z,34226218,1383379,22
"Tb05uceI9ns","b'Ladki aur samjhdar\xf0\x9f\x98\x82 #shorts #comedy #funny'",2023-05-05T15:01:31Z,2743033,224857,23
"jq2Om1kOzSc","b'\xe0\xa4\xb9\xe0\xa4\x9c\xe0\xa4\xbe\xe0\xa4\xb0\xe0\xa5\x80 \xe0\xa4\xa7\xe0\xa5\x80\xe0\xa4\xb0\xe0\xa5\x87-\xe0\xa4\xa7\xe0\xa5\x80\xe0\xa4\xb0\xe0\xa5\x87 \xe0\xa4\xb8\xe0\xa4\xbe\xe0\xa4\xb0\xe0\xa5\x87 \xe0\xa4\x9b\xe0\xa5\x80\xe0\xa4\xa4\xe0\xa5\x87 \xe0\xa4\xb9\xe0\xa4\xae\xe0\xa4\xbe\xe0\xa4\xb0\xe0\xa5\x87 \xe0\xa4\x8a\xe0\xa4\xaa\xe0\xa4\xb0 \xe0\xa4\x86 \xe0\xa4\xb0\xe0\xa4\xb9\xe0\xa5\x87 \xe0\xa4\xb9\xe0\xa5\x88 | Rajpal Yadav - Vijay Raaz - Sanjay Mishra \xe0\xa4\x95\xe0\xa5\x80 \xe0\xa4\x95\xe0\xa5\x89\xe0\xa4\xae\xe0\xa5\x87\xe0\xa4\xa1\xe0\xa5\x80'",2023-05-18T12:30:21Z,4142293,21504,24
"kWFx3dCY1CY","b'Aries Spears Responds To Backlash: "There\'s Been Things I\'ve I Said I Wish I Could Take Back"'",2023-06-08T12:30:22Z,24552,664,23
"cnNmW67t9to","b'@souravjoshivlogs7028  Ke Haatho Se Gira Welcome Cake! \xf0\x9f\x98\xb1 | Bharti Singh | Haarsh Limbachiyaa | Golla'",2023-06-09T13:30:36Z,2450988,127053,24
"Uk9CgvLImjM","b'\xf0\x9f\x98\x82 Pranesh Best Comedy Collection May 2023 \xf0\x9f\x98\x84 @SonAndDadOfficial #shortvideo #shortsvideo'",2023-06-01T10:30:15Z,1761195,10963,24
"ZJdLJf4ZW-M","b'The Boys | Stand up Comedy by Fatima Ayesha'",2023-05-01T11:30:07Z,2131341,58700,23
"pTRIf7zahVA","b'2 \xe0\xa4\xaa\xe0\xa5\x8d\xe0\xa4\xb0\xe0\xa4\xb5\xe0\xa4\xbe\xe0\xa4\xb6\xe0\xa5\x80 \xe0\xa5\xa4 Comedy video \xe0\xa5\xa4 \xe0\xa4\x97\xe0\xa5\x8b\xe0\xa4\x9f\xe0\xa5\x80 \xe0\xa4\x95\xe0\xa5\x80 \xe0\xa4\x95\xe0\xa4\xbe\xe0\xa4\xae\xe0\xa4\xa1\xe0\xa5\x80'",2023-05-30T11:38:29Z,121841,6919,23
"J75sVkA5-JQ","b'Comedy Central Presents - Barbascura X - Puntata Integrale - Comedy Central'",2023-05-29T19:00:10Z,121272,6224,23
"El_iOQLnlos","b'\xd0\x91\xd0\x90\xd0\xaf\xd0\xa0\xd0\x90\xd0\x90 - \xd0\xa2\xd0\x95\xd0\x9c\xd0\x9f\xd0\x9e'",2023-05-07T11:37:53Z,363133,10222,23
"46t0xrG5kb4","b'\xe0\xa4\xaa\xe0\xa5\x81\xe0\xa4\xb7\xe0\xa5\x8d\xe0\xa4\xaa\xe0\xa4\xbe \xe0\xa4\xb9\xe0\xa5\x81\xe0\xa4\x86 \xe0\xa4\x97\xe0\xa4\xb0\xe0\xa5\x8d\xe0\xa4\xae\xe0\xa5\x80 \xe0\xa4\xb8\xe0\xa5\x87 \xe0\xa4\xac\xe0\xa5\x87\xe0\xa4\xb9\xe0\xa5\x8b\xe0\xa4\xb6\xf0\x9f\x98\x82\xf0\x9f\x98\x82 #comedy #realfools #surajroxfunnyvibeo #vikram #pushpa #garmi'",2023-05-19T14:37:42Z,14421510,747137,22
"aI77xJggA_g","b"Alexandra Pizzagali \xe2\x80\x93 Les Femmes et les enfants d'abord"",2023-06-07T16:00:01Z,158432,8385,23
"TSWizTdDfYo","b'EX girlfriend ka popat bnaya \xf0\x9f\x98\x82\xf0\x9f\x98\x82 #varunbundela #funnyvideo #comedy #shorts'",2023-06-04T07:39:29Z,831377,77231,24
"D7eNbEAZruo","b'Parul And Veer Indori Funny Video | The June Paul Comedy | Abraz Khan | Mani Meraj | Oye Indori'",2023-05-13T03:30:04Z,262528,2422,23
"rin0oEd1VBA","b'\xe0\xb0\x95\xe0\xb0\xae\xe0\xb1\x8d\xe0\xb0\xae\xe0\xb0\x9f\xe0\xb0\xbf \xe0\xb0\x95\xe0\xb0\xb2\xe0\xb1\x8d\xe0\xb0\xb2\xe0\xb1\x81 \xe0\xb0\x95\xe0\xb0\xbe\xe0\xb0\xb0\xe0\xb0\x82 \xe0\xb0\x95\xe0\xb1\x8b\xe0\xb0\xa1\xe0\xb0\xbf | KAMMATI KALLU KARAM KODI COMEDY SHORT FILM | SHANKAR GOUD | RAVALI'",2023-06-09T12:00:11Z,137127,1849,23
"J2SiIDwgxJc","b'Andrew Rivers | For The Wrong Reasons (Full Comedy Special)'",2023-06-09T00:00:10Z,28652,623,23
"DTmM87AW9AE","b'Top New Comedy Video 2023 Try Not To Laugh Episode 207 By Funny Day'",2023-05-21T13:06:21Z,5826939,18554,23
"RIRnpcOIj6c","b'BAISAKHA JESTHA  || khordha toka || Funny angulia || Mr.Dhenkanalia || Comedy'",2023-06-01T13:48:46Z,2379449,119008,23
"joGc8nnG1W8","b'I got in BIG TROUBLE for this\xe2\x80\xa6'",2023-06-08T18:26:34Z,2755696,49023,22
"GAvldpgBYrw","b'Fortnite SEASON 3 - EVERYTHING NEW EXPLAINED!'",2023-06-09T18:38:18Z,910217,23389,20
"81ownAyl5Ro","b'BRAWL STARS OLYMPICS! (2023)'",2023-06-09T14:02:00Z,69033,3615,20
"Nio3hYAx_Tc","b'The Story of the First Video Game Cartridge | Gaming Historian'",2023-06-09T17:30:06Z,307181,17468,20
"Pw5KtGH4RjU","b'INSANE DINO SKATEPARK RACE! (Hot Wheels Uneashed)'",2023-06-09T15:00:14Z,38134,1170,20
"HljYbFKKufc","b'NEVER ENTER THIS SCARY SHOP in Brookhaven at NIGHT!'",2023-06-09T12:00:11Z,158452,2506,20
"b9fbiBFdxos","b'Escape the FLOOD with Upgraded Muscle Cars in BeamNG Drive Mods!'",2023-06-09T17:45:02Z,152762,3543,20
"7BzL3zdZ4Rw","b'macOS Is For Gamers Now'",2023-06-08T01:46:46Z,364469,21421,28
"6I_X4sReR-Y","b'Attitude Revenge Kill With Ace Master Player \xf0\x9f\x98\x88 | 339 | Samsung, A7,A8,J4,J5,J6,J7,J2,J3,XS,A4,A5,A3'",2023-06-09T13:07:45Z,79734,2073,20
"OjYLSkW4yyw","b'Cheap vs Expensive Gaming Setups: Do They Matter In Fortnite?'",2023-06-07T21:15:43Z,143162,4974,20
"jp7NufWq9Ow","b'Black Bunny Super Hidden Power Reveal in Solo Vs Squad \xf0\x9f\x98\x8e Tonde Gamer - Free Fire Max'",2023-06-09T01:30:23Z,544142,33340,20
"tKVNp39qvTE","b'Selling a TERRIBLE SQUATTED TRUCK in Car For Sale Simulator 2023?!'",2023-06-08T15:15:04Z,134610,3874,20
"4DfHR1xM8QA","b'The best match with The Dinosaur | Pubg mobile'",2023-06-07T11:15:19Z,113970,6678,20
"NOvynnX8nVE","b'Tere Naam Sallu Tonde Gamer \xf0\x9f\x98\x81 New Black Bunny Finally Booyah Gameplay in 1 Va 4 - Free Fire Max'",2023-06-09T14:32:57Z,425217,30708,20
"DjzCIfXzum0","b'Full Map Grandmaster Push In Bd Server - Garena Free Fire'",2023-06-09T03:30:08Z,89986,4358,20
"yYSM1_q_LEg","b'This RTX 4070 Gaming PC is AWESOME!'",2023-06-08T19:00:33Z,29077,1197,28
"W4GJ-uXmLc4","b'V BADGE YOUTUBER CALL ME NOOB\xf0\x9f\x98\xb1 V BADGE VS LAKA GAMER\xf0\x9f\x98\xb1'",2023-06-09T12:30:16Z,238790,13603,20
"sjjthDPwR2Q","b'\xd8\xac\xd8\xa8\xd8\xaa \xd8\xa7\xd9\x85 \xd8\xa7\xd9\x84\xd8\xb9\xd9\x8a\xd8\xaf \xf0\x9f\xa4\xa3Sims 4'",2023-06-08T14:48:23Z,488255,37813,20
"ntz2c2z54dg","b'The Downfall of Mobile Gaming'",2023-05-31T11:07:24Z,3150487,140713,28
"3CGxvaVeoyw","b'Twitter coming for Twitch? | 5 Minute Gaming News'",2023-06-08T21:48:28Z,29632,2556,20
"POLjNVjQ4ZU","b'Eating 20-Year-Old Gaming Candy'",2023-06-07T16:33:09Z,128178,6305,20
"4zFxKr2_Rng","b'THIS M4A1 SKIN IS FIRE\xf0\x9f\x94\xa5SOLO VS SQUAD HEROIC 2 BEST GAMEPLAY | GARENA FREE FIRE'",2023-06-08T04:00:03Z,1293190,100362,20
"zh0ibTLUOKU","b'Free Fire Telugu Live - Munna Bhai is Live  - Telugu Gaming Live #MBG'",2023-06-06T14:22:19Z,174055,14732,20
"7nYU3o1L7vM","b'What To Do About Microtransactions? | 5 Minute Gaming News'",2023-06-07T23:13:52Z,44905,3653,20
"mh_Q_Nmh8YI","b'\xf0\x9f\x94\xa5Gaming Music 2023 \xe2\x99\xab Best of EDM \xe2\x99\xab Best NCS Music Mix 2023'",2023-06-08T10:00:39Z,10537,150,10
"vBMgfmAYDNo","b'BGMI NEW X-SUIT CRATE OPENING IN 60,000 UC | SUBSCRIBER CUSTOM ROOMS'",2023-06-06T09:39:15Z,431995,36271,20
"QF8CWSxG94c","b'Ultra Budget Gaming PC Build for Diablo 4'",2023-06-06T18:00:14Z,48330,1458,20
"SOu3A3kLP8M","b'Ils se sont DISPUT\xc3\x89S en plein mini-jeu \xf0\x9f\xa4\xa3 (Mario Party Superstars)'",2023-06-07T16:00:16Z,1058845,56799,20
"v74bjQ9b8dM","b'Hari Pertamaku Di Minecraft Bersama Atun & Momon Main Petak Umpet Paling Kocak'",2023-06-09T05:56:20Z,394112,10318,20
"pV0BYne1P1A","b'I Will NEVER Put Pineapple On Pizza!'",2023-06-09T10:45:03Z,254062,5103,20
"veiMeRZuXKI","b'Gaming mit einem Random Mate #shorts'",2023-05-31T13:00:42Z,945638,92702,20
"HFzUAQPNlWE","b'Attitude Revenge Kill With Ace Master Player \xf0\x9f\x98\x88 | 338 | Samsung, A7,A8,J4,J5,J6,J7,J2,J3,XS,A4,A5,A3'",2023-06-08T13:06:23Z,82139,2328,20
"xy5YS_px17o","b'TOP 1 REGION GRANDMASTER SPIDER -MAN | GYAN GAMING LIVE'",2023-06-05T19:26:16Z,96512,8309,20
"-wGd6Dsm_lo","b'Round 4: "Is Intel Actually Screwed?" ft. Gordon of PC World'",2023-06-08T12:06:41Z,337821,17339,20
"HVQTXfV7gLY","b'I CHEATED in Hide and Seek Using a FAKE Gaming PC'",2023-05-20T14:45:02Z,1873702,41893,24
"kr4AGaYwCxQ","b'Desi Gamers in Danger #shorts'",2023-05-26T04:37:09Z,728336,116766,20
"uOrk0OoebFs","b"Fixing a Viewer's BROKEN Gaming PC? - Fix or Flop S4:E5"",2023-06-06T23:30:41Z,89920,8478,28
"I1jfXnNTF9A","b'SCRIMS WITH W SQUAD! ON YOUTUBE | ZGOD IS LIVE | BGMI'",2023-06-06T12:41:19Z,282700,25970,20
"Jxi1a6TaZ1k","b'I BECAME A GAMING CHARACTER'",2023-06-02T17:26:52Z,1365205,153476,24
"CVm71DTtYks","b'Our Ship Crashed After Getting Hit By a Tsunami in Stormworks Multiplayer!'",2023-06-07T13:45:01Z,117797,4102,20
"mGfZR-BKkQM","b'I Built a Secret Gaming Room in a Capsule Hotel!'",2023-05-28T16:58:24Z,1378479,15597,22
"u6WyUkRWwcA","b'Gaming Nostalgia Overload'",2023-05-25T01:27:14Z,3114185,164472,20
"2w_fE11Wnc0","b'Brookhaven HIDE & SEEK, BUT ONLY USING ONE COLOR!!'",2023-06-06T20:00:01Z,136301,3106,20
"3XOE0smtzVs","b'\xf0\x9f\x94\xb4[Live] OLD GAMEPLAY IS BACK - BIN ZAID GAMING \xf0\x9f\x91\xbd#binzaidgaming #freefirelive #tondegamer #gyangaming'",2023-06-07T17:39:43Z,146891,14172,20
"j1moFS0d-gc","b'100 LEVEL Player \xf0\x9f\x94\xa5 OP Solo VS Squad 21 KILLS BHAUKAAL Gameplay - Neel Gaming'",2023-06-09T09:27:26Z,44538,2309,20
"W9ZyStaYQmM","b"YOU CAN'T ESCAPE ME \xf0\x9f\x98\xa1 | #shorts #bgmi #gaming"",2023-05-31T09:59:58Z,2190652,226855,20
"NSIvZmbb69c","b'\xe0\xb4\xaa\xe0\xb4\xaf\xe0\xb5\x8d\xe0\xb4\xaf\xe0\xb4\xa8\xe0\xb5\x8d\xe0\xb4\xae\xe0\xb4\xbe\xe0\xb5\xbc escapes from cave Uncharted part 7'",2023-06-06T13:30:08Z,54312,2903,20
"MuqOd5upx7o","b'\xf0\x9f\x94\xb4LIVE Unq Gamer | Pubg Mobile Punju VS Petta | Live Stream #2091'",2023-06-05T10:23:23Z,74456,6663,24
"_jLB5rK5dK0","b'Elle a vraiment D\xc3\x89TRUIT tout le monde \xf0\x9f\x98\xa8 (Among Us)'",2023-06-04T16:00:19Z,962003,65487,20
"DhlaBO-SwVE","b'EXPEND4BLES (2023) Official Trailer - Jason Statham, 50 Cent, Megan Fox, Dolph Lundgren'",2023-06-07T16:00:08Z,18004655,73506,1
"FQUXbpIQqAk","b'Movies you forgot existed \xf0\x9f\x98\xb3 #nostalgia'",2023-06-05T18:24:13Z,530299,40190,24
"VPluhAiquJI","b'EXPOSING The Movies You Watch\xe2\x80\xa6'",2023-06-07T14:52:38Z,3531936,113141,24
"ZtuFgnxQMrA","b'Transformers: Rise of the Beasts | Official Final Trailer (2023 Movie)'",2023-06-06T16:08:29Z,9928645,91918,1
"Dpp-HZnWLoo","b'Reality Of Movies'",2023-06-07T18:27:34Z,4238616,415204,24
"YjlBeLxX7Nw","b'\xe0\xa8\x95\xe0\xa8\xa6\xe0\xa9\x87 \xe0\xa8\xae\xe0\xa9\x87\xe0\xa8\xb0\xe0\xa9\x80 \xe0\xa8\xb5\xe0\xa9\x80 \xe0\xa8\xb8\xe0\xa9\x81\xe0\xa8\xa3 \xe0\xa8\xae\xe0\xa8\xbe\xe0\xa8\xb9\xe0\xa9\x80\xe0\xa8\x86 ep 41 | new punjabi movie 2023 | Punjabi Natak | JassaSukhpal @PenduVirsaMansa'",2023-06-09T04:30:10Z,272899,6292,24
"ySTdWAFPsNU","b'Convict | Full Movie | Action Prison Drama | Movie Central'",2023-05-13T12:00:51Z,7894485,47202,1
"Q5ZfmuqYfGE","b'Vijay Thalapaty First Five Movies #shorts #youtubeshorts #viral #vijaythalapathy'",2023-05-05T09:42:22Z,154864,13010,1
"nt-ntNMeF4A","b'Action Movies are The WORST movie  Genre'",2023-05-11T00:48:09Z,39811,4191,17
"TZkRY0AoiqI","b'THE POLICEMAN - English Movie | Jason Statham Hollywood Blockbuster English Crime Action Full Movie'",2023-05-22T14:30:09Z,11796797,44200,23
"nPUjaVKKySg","b'JASON STATHAM Is The Saviour - Blockbuster Action Full Movie In English HD | Hollywood Action Movies'",2023-06-01T14:30:16Z,8082368,29753,23
"6MKQKIf7e8k","b'Why Hollywood Needs More Movies Like Barbie'",2023-05-30T15:43:29Z,143618,9969,1
"wjEro348u-Q","b"He Challenged The Skinny Prisoner To Boxing, Didn't Know He Was Former World Boxing Champion"",2023-06-08T14:09:15Z,150042,1555,22
"CTdxfsGiKEk","b"SUGA | Agust D 'D-DAY: Movie Night'"",2023-05-28T09:00:01Z,1338299,248943,10
"cW27a9H4RCc","b'6 Things Movies Always Get Wrong'",2023-06-06T17:25:44Z,5753626,634354,23
"XfiSDoBRVfs","b'Top 10 Best Web Series & Movies 2023 #FilmiIndian #Shorts'",2023-06-03T09:55:20Z,503623,40203,24
"ToD7vunJF84","b'17 Movies & Web Series Releasing in June 2023 #FilmiIndian #Shorts'",2023-06-02T13:08:25Z,814036,56717,24
"AEqC9Q3tNrk","b'\xe1\x88\x9b\xe1\x8a\x95 \xe1\x8b\xab\xe1\x8b\x98\xe1\x8b\x8b\xe1\x88\x8d \xe1\x88\x99\xe1\x88\x89 \xe1\x8d\x8a\xe1\x88\x8d\xe1\x88\x9d - Manyazewal Full Ethiopian Movie 2023'",2023-05-19T15:00:14Z,968179,9738,24
"gufQ52vmU0Y","b'akhir rato raat wo kahan pahuch gaye hain#tezcinema #movieexplanation #movie #horror'",2023-06-04T13:10:30Z,4288281,281829,24
"MXa0BhfalzA","b'\xf0\x9f\xa7\x90 \xe0\xae\x92\xe0\xae\xb0\xe0\xaf\x87 \xe0\xae\xaa\xe0\xaf\x86\xe0\xae\xaf\xe0\xae\xb0\xe0\xae\xbf\xe0\xae\xb2\xe0\xaf\x8d \xe0\xae\xb5\xe0\xaf\x86\xe0\xae\xb3\xe0\xae\xbf\xe0\xae\xaf\xe0\xae\xbe\xe0\xae\xa9 10 \xe0\xae\xaa\xe0\xae\x9f\xe0\xae\x99\xe0\xaf\x8d\xe0\xae\x95\xe0\xae\xb3\xe0\xaf\x8d Part 1 - 10 Tamil Movies With Similar Titles #shorts #top10'",2023-05-10T16:57:40Z,8817,927,1
"GH1o778NWb8","b'Drafting the BEST sports movies of all-time! \xf0\x9f\x8d\xbf #shorts'",2023-05-04T18:00:06Z,676604,40539,17
"7cmL578mpDo","b'Insaan vs red ants \xf0\x9f\x98\xb1\xe2\x9a\xa0\xef\xb8\x8f || movie explained in hindi #shorts #movie #shortvideo #movieexplaination'",2023-06-03T02:30:03Z,5819800,281389,22
"cRYbC-WZ-dU","b'2022 Animated Movies Montage'",2023-05-10T16:13:55Z,17335,1476,1
"TvLt-5_pQzM","b'Why Bengali Movies Trolled ? | Top 10 Interesting Facts In Telugu | Telugu Facts | V R Facts'",2023-06-04T07:00:18Z,482882,30332,24
"hxsjWLigVwo","b'[Full Movie] \xe9\xbe\x8d\xe9\x96\x80\xe9\xa9\x9b\xe7\xab\x99 Dragon Gate Posthouse 5 \xe8\x9d\xb4\xe8\x9d\xb6\xe9\xa3\x9b | \xe6\xad\xa6\xe4\xbf\xa0\xe5\x8b\x95\xe4\xbd\x9c\xe9\x9b\xbb\xe5\xbd\xb1 Action film HD'",2023-06-07T04:00:07Z,138901,958,1
"N6sVejt5UsE","b'Paagun Latest Yoruba Movie 2023 Comedy | Apa | Wunmi Toriola | Kemity | Sisi Quadri'",2023-06-07T10:00:15Z,817290,8035,24
"4NIz7PN15GQ","b'\xe0\xa4\xaf\xe0\xa5\x87 Actor \xf0\x9f\x98\xb1 Real Life_Super Hero \xe0\xa4\xb9\xe0\xa5\x88\xe0\xa4\x82 \xf0\x9f\xa4\x94 | New South Indian Movies Dubbed In Hindi 2023 Full #shorts'",2023-06-04T15:53:43Z,222956,12458,1
"h-nCyizuKKU","b'Best Train Movie!'",2023-05-08T13:45:03Z,96916,6023,22
"t7mUajcx7ys","b'uske paas yin aur yang ankhein hain#movieexplanation #tezcinema#movie#korean'",2023-06-01T12:06:21Z,7737681,603612,24
"OuXDbc4ZJvk","b'Top 25 Akira Kurosawa Movies That Will Change Your Way Of Watching Cinema - Explored'",2023-05-05T21:30:02Z,4005,231,24
"V06SoCZUloE","b'\xe0\xa4\x86\xe0\xa4\xb0 \xe0\xa4\xb0\xe0\xa4\xbe\xe0\xa4\x9c\xe0\xa4\x95\xe0\xa5\x81\xe0\xa4\xae\xe0\xa4\xbe\xe0\xa4\xb0 | R Rajkumar | Full Movie | Shahid Kapoor | Sonakshi Sinha | Hindi New Action Movie 2023'",2023-06-08T13:30:18Z,15892045,177762,24
"1z4iKHeJqnc","b'Snake Latest Yoruba Movie 2023 Drama | Odunlade Adekola | Ireti Osayemi | Lawrence Sholanke'",2023-06-06T10:00:02Z,366169,3409,24
"sJjH3vtf7Co","b'The Flash - Movie Review'",2023-06-06T19:00:19Z,718784,30374,24
"QwDLYcnKT7I","b'Transformers: Rise of the Beasts - Movie Review'",2023-06-06T13:00:30Z,619468,26639,24
"JaQg2e7Nb_s","b"SML Movie: Jeffy's Dare!"",2023-06-08T00:20:07Z,3077388,75366,24
"ub12DkmRUnI","b'Honest Trailers | The Transformers: The Movie (1986)'",2023-06-06T17:00:29Z,604761,28230,1
"SP_cKTsBVvI","b'Top 20 Greatest Psychological Horror Movies'",2023-06-05T23:00:22Z,99047,2873,24
"Co3Sz7Whaq4","b'THE THIEF, HIS VICTIM (New Movie) Toosweet Annan, Sonia Uche 2023 Nigerian Nollywood Romantic Movie'",2023-06-06T17:00:27Z,467004,5878,22
"7KEYv2E1hGc","b'When Movies are Off brand'",2023-05-12T17:42:58Z,3358484,265078,23
"ExzPj8LyZ9g","b'Raksha Bandhan  | Akshay Kumar & Bhumi Pednekar | Latest Bollywood Movie 2023 Hindi movie'",2023-06-02T08:30:03Z,1648852,25035,24
"mvL0LeBHewI","b'Pathaan (2023) Cast Salary Details & Discussion'",2023-06-06T08:02:47Z,1755026,17664,22
"R8xepj9wpi4","b'The Out-Laws | Official Trailer | Netflix'",2023-06-05T16:00:00Z,2858794,38162,24
"5UG91gq90pw","b'RENA MOVIES - IKAN DALAM KOLAM FT. NEW ARISTA (Official Music Video)'",2023-05-03T09:00:11Z,382612,2253,10
"z_eMTdyuXqI","b'Bloody Daddy Movie Malayalam Review | Reeload Media'",2023-06-09T05:30:25Z,41317,1792,24
"AghAam5wWTw","b'Top 20 Most Rewatched Movie Scenes EVER'",2023-06-04T21:00:06Z,412356,7357,24
"FRnKY-5TqOM","b"Why Studio Ghibli movies CAN'T be made with AI."",2023-06-03T15:45:00Z,225896,16920,27
"qpauJhg1O24","b'Oversize love part-2 #movies #viral #ytshort'",2023-05-27T09:37:26Z,1462793,112353,22
"cLkIer7iQvg","b'Ibiza Summer Mix 2023 \xf0\x9f\x8d\x93 Best Of Tropical Deep House Music Chill Out Mix 2023\xf0\x9f\x8d\x93 Chillout Lounge #163'",2023-06-10T05:28:04Z,209829,1782,10
"Vpjl0HeeOko","b'Music Mix 2023 \xf0\x9f\x8e\xa7 EDM Remixes of Popular Songs \xf0\x9f\x8e\xa7 EDM Gaming Music Mix \xe2\x80\x8b'",2023-06-08T07:00:18Z,99104,937,10
"AllOkhY3JCA","b'Keane - Somewhere Only We Know (Lyrics)'",2023-06-08T18:23:36Z,91128,1338,10
"pSY3i5XHHXo","b'Central Cee x Dave - Sprinter [Music Video]'",2023-06-01T20:00:10Z,28069332,786132,10
"ibVqF9NuGDU","b'Tion Wayne - Healing (Official Music Video)'",2023-05-04T20:22:17Z,11817004,698667,10
"Q7_HzFkt880","b'Music Mix 2023 \xf0\x9f\x8e\xa7 EDM Remixes of Popular Songs \xf0\x9f\x8e\xa7 EDM Gaming Music'",2023-06-03T08:15:02Z,508968,4581,10
"uhWQ2SXTO-Y","b'Abigail Chams x Marioo - Nani? (Official Music Video)'",2023-06-09T09:00:08Z,645601,14172,10
"XzOvgu3GPwY","b'Taylor Swift ft. Ice Spice - Karma (Official Music Video)'",2023-05-27T04:00:08Z,20360405,1073208,10
"FHwMa3V1CEE","b'JuanSGuarnizo REACCIONA a PESO PLUMA || BZRP Music Sessions\xc2\xa0#55\xc2\xa0\xf0\x9f\x8e\xb5'",2023-06-02T21:22:59Z,1272017,74662,24
"pDYUZZxvScA","b'SPREEN REACCIONA a PESO PLUMA BZRP MUSIC SESSIONS #55'",2023-06-01T13:00:37Z,1007943,56616,22
"HeIl9g9Grnc","b'Mbosso - Amepotea (Official Music Video)'",2023-05-11T07:00:09Z,4638459,62178,10
"GuSoBHY1dNw","b'Wow Wow Official Music Video || FM Bru x Zini Chakma || Kaubru New Video with English subtitles'",2023-06-04T01:30:11Z,305212,13865,10
"o3FLY3YeKbc","b'Bite Me - ENHYPEN [Music Bank] | KBS WORLD TV 230526'",2023-05-26T09:28:45Z,1159989,92384,10
"zXV4GX6Whyw","b'Lil Mabu - MATHEMATICAL DISRESPECT (Official Music Video)'",2023-05-18T20:00:09Z,8004875,273098,10
"Vv4OfhY23eg","b'Zinoleesky - A1 (Feeling Disorder) Official Video'",2023-06-04T15:40:08Z,2395020,32299,22
"S265Azrscag","b'THE MOST RELAXING GUITAR MUSIC \xf0\x9f\x8c\xbf Melody That Bring You Back To Your Youth \xf0\x9f\x8c\xbf Music 70s 80s 90s'",2023-06-08T00:00:10Z,15473,188,10
"xSSLSjNJIBw","b'Madison Beer - Home To Another One (Official Music Video)'",2023-06-02T04:00:09Z,1655708,78442,10
"SKaudvO7a7o","b'DOXA - SECRET NUMBER [Music Bank] | KBS WORLD TV 230526'",2023-05-26T09:07:12Z,411873,45221,10
"EN2jLjxegck","b'EXPERTO MUSICAL ANALIZA PESO PLUMA || BZRP Music Sessions #55'",2023-06-01T02:12:01Z,3066758,157145,24
"lmfFsS97kVM","b'The Mountbatten Festival of Music 2023 | The Bands of HM Royal Marines'",2023-05-27T18:30:11Z,184508,2880,10
"iKsvIlAkzE8","b'TOP 40 Songs of 2022 2023 \xf0\x9f\x94\xa5 Best English Songs (Best Hit Music Playlist) on Spotify'",2023-06-02T23:10:21Z,210192,1024,10
"VyfkGTHK-MY","b'Smooth Jazz Music for Studying, Sleep \xe2\x98\x95 Cozy Coffee Shop Ambience & Relaxing Jazz Instrumental Music'",2023-06-07T16:57:28Z,92245,4404,22
"7H7daeeZ_bo","b'PLAVE (\xed\x94\x8c\xeb\xa0\x88\xec\x9d\xb4\xeb\xb8\x8c) - Why? (\xec\x99\x9c\xec\x9a\x94 \xec\x99\x9c\xec\x9a\x94 \xec\x99\x9c?) | Show! MusicCore | MBC230603\xeb\xb0\xa9\xec\x86\xa1'",2023-06-03T06:44:28Z,1315230,59185,10
"k0PKw1B7mSI","b'Corey Taylor - Beyond (Official Music Video)'",2023-05-16T14:00:05Z,1507178,67009,24
"IUeF-2Ioxag","b'Phonk Music 2023 \xe2\x80\xbb Aggressive Drift Phonk \xe2\x80\xbb \xd0\xa4\xd0\xbe\xd0\xbd\xd0\xba 2023'",2023-06-08T07:21:44Z,157514,2372,10
"n3JNtfi4Vb0","b'Ren - Su!cIde (Official Music Video)'",2023-06-08T19:00:13Z,996481,72770,10
"DmsXQjdKR9c","b'Hanibal Alem - Gele Koyne / \xe1\x8c\x88\xe1\x88\x88 \xe1\x8a\xae\xe1\x8b\xad\xe1\x8a\x90 / New Eritrean Music 2023 (Official 4K Music Video)'",2023-06-01T12:59:12Z,491195,5674,24
"p6Cnazi_Fi0","b'Kylie Minogue - Padam Padam (Official Video)'",2023-05-18T13:00:09Z,6883718,168302,10
"h1nNBt7_R5A","b'Pabllo Vittar - Cadeado (Official Music Video)'",2023-05-24T00:00:12Z,1405531,84996,10
"EYygYkYldHw","b'Juice WRLD - Glo\xe2\x80\x99d Up (Official Music Video)'",2023-06-07T17:00:12Z,1765119,117812,10
"vWxHl5JFIFU","b'BOTTKA x M.K - Feledem (Official Music Video)'",2023-05-30T18:00:08Z,719554,11154,10
"LueC_KtDt68","b'DURAANUU | GELANA GAROMSA| New Oromo music 2023 |Galaanaa Gaaromsaa|'",2023-05-12T15:03:06Z,2128118,29389,10
"7HDeem-JaSY","b"(\xec\x97\xac\xec\x9e\x90)\xec\x95\x84\xec\x9d\xb4\xeb\x93\xa4((G)I-DLE) - '\xed\x80\xb8\xec\xb9\xb4 (Queencard)' Official Music Video"",2023-05-15T09:00:04Z,126405139,1846548,10
"7fDq6eZ40xg","b'Eden Teklit - Kdelyeka ( \xe1\x8a\xad\xe1\x8b\xb0\xe1\x88\x8d\xe1\x8b\xa8\xe1\x8a\xab) | New Eritrean Music 2023'",2023-05-11T12:50:01Z,604275,7417,1
"4Ag5pmphtdI","b'Ethiopian Music : Getish Mamo \xe1\x8c\x8c\xe1\x89\xb5\xe1\x88\xbd \xe1\x88\x9b\xe1\x88\x9e (\xe1\x89\x86\xe1\x8c\xa3 \xe1\x89\x86\xe1\x8c\xa3 \xe1\x8a\xa0\xe1\x88\x8d\xe1\x88\xbd\xe1\x88\xb3) \xe1\x89\xb0\xe1\x89\x80\xe1\x89\xa0\xe1\x88\x8d 6 - New Ethiopian Music 2023(Official Video)'",2023-05-05T16:00:04Z,2391473,17893,24
"cjSo5KcHMqQ","b'VALMAR - Playboy (Official Music Video)'",2023-06-01T13:00:08Z,2066165,28364,10
"bLcRdYuS5xw","b'Tiara Andini - Tega (Official Music Video)'",2023-06-01T17:00:17Z,4955344,187733,10
"XZaBkbvteBc","b"(\xec\x97\xac\xec\x9e\x90)\xec\x95\x84\xec\x9d\xb4\xeb\x93\xa4((G)I-DLE) - 'Allergy' Official Music Video"",2023-05-09T15:00:08Z,43330524,1075041,10
"dSh0jJXCd_E","b'\xe1\x8a\xab\xe1\x88\xb2\xe1\x8a\x93\xe1\x8b\x8d \xe1\x8c\x8e\xe1\x8c\x83\xe1\x88\x9d | \xe1\x8a\xa0\xe1\x88\xb5\xe1\x89\xbb\xe1\x88\x88\xe1\x8b\x8d \xe1\x8d\x88\xe1\x8c\xa0\xe1\x8a\x90 (\xe1\x8a\xa0\xe1\x88\xad\xe1\x8b\xb2)  | Aschalew Fetene (Ardi) | New Ethiopian Music 2023 (Official Video)'",2023-05-12T17:29:19Z,2087669,16398,10
"IZ-vrHjHlCs","b'BANG - Rainbow Friends Song [SFM] | Rockit Music & ChewieCatt'",2023-06-02T14:00:09Z,576854,9232,20
"WFPZ3FgRiL8","b'Aezaddy - Nari [OFFICIAL Music Video] | 2023'",2023-06-03T17:30:09Z,1436616,33489,10
"D0HaJNI-038","b'BONVOYAGE - Dreamcatcher [Music Bank] | KBS WORLD TV 230526'",2023-05-26T09:20:59Z,88099,11224,10
"4s-Sk0ucjUg","b'Rena Movies - Malam (Official Music Video LION MUSIC)'",2023-06-02T09:00:11Z,210953,1355,10
"p0G7oqkyXcw","b'Feven Tsegay Gzie Hiwet New Eritrean Music 2023 (Official Video)'",2023-05-19T14:00:36Z,488366,5530,10
"-WtNCR3EDS4","b'Latto - Put It On Da Floor Again (feat. Cardi B) [Official Video]'",2023-06-02T04:28:02Z,17489975,351340,10
"og0biJdPhns","b'MY LIFE - SEVENTEEN [Music Bank] | KBS WORLD TV 230505'",2023-05-05T09:38:54Z,755168,49985,24
"gbBJObF4vo4","b'Valiant - Corruption (Official Music Video)'",2023-06-04T00:00:10Z,759334,28772,10
"j7vErcZnDso","b'V\xe1\xbb\x81 Chung M\xe1\xbb\x99t Nh\xc3\xa0 - \xc4\x90\xe1\xba\xa1t Villa, Ph\xe1\xba\xa1m S\xe1\xba\xafc L\xe1\xbb\x87nh | Official Music Video | C\xe1\xba\xa7m tay nhau ta \xc4\x91i h\xe1\xba\xbft cu\xe1\xbb\x99c \xc4\x91\xe1\xbb\x9di'",2023-05-26T12:00:12Z,670154,45883,10
"-2zbK7jnHXg","b'Eben - Oil On My Head (Remix) Ft Mercy Chinwo (Video)'",2023-06-03T14:42:15Z,335541,10
"H_zMdX7g__Y","b'1 in 1,000,000 Moments'",2023-06-09T11:23:40Z,400842,3441,17
"CT3RWfo46nk","b'INSANE Red Cards in Football 2023'",2023-06-09T10:30:06Z,75275,504,17
"g3jc2LktsYI","b'Brotherhood Moments In Football \xf0\x9f\x98\x8d'",2023-06-01T13:24:08Z,3458457,222927,22
"JmS4pbSBfsU","b'The WORST own goals of the 2022/23 Premier League season! |  Part Two'",2023-06-08T18:00:14Z,120726,1218,17
"a-ix-Y_-PGc","b'10 Football Transfers That Make Perfect Sense'",2023-06-09T15:00:10Z,59455,1453,22
"WKY9A2fd6xk","b'The WORST own goals of the 2022/23 Premier League season! |  Part One'",2023-06-08T09:30:13Z,155409,1714,17
"pGnGyP7IfGk","b'Saddest Weekend In Football History \xf0\x9f\x92\x94\xe2\x9a\xbd\xef\xb8\x8f #soccer #football #shorts'",2023-06-06T12:00:27Z,243163,23450,24
"1R3705ogPbM","b'The Craziest Ever Butterfly Effect in Football'",2023-05-31T09:23:21Z,819331,61335,17
"7s9LaGQIEyM","b'Thanks to zlatan \xf0\x9f\xa6\x81 | \xf0\x9f\x92\x94\xf0\x9f\xa5\xba#football #footballshorts #shorts'",2023-06-05T06:54:08Z,1270424,122750,17
"WUJXSfvPMQU","b'WHICH FOOTBALL PLAYER?! \xf0\x9f\xa4\x94\xe2\x9a\xbd\xef\xb8\x8f'",2023-06-08T15:13:10Z,357996,17718,17
"KMXnEpUxNz8","b'UnReal Skills Pulled In Football'",2023-06-07T12:15:02Z,137473,1039,17
"9ddaHGrAHRA","b'REAL REASON why Liverpool are getting MACALLISTER for cheap \xf0\x9f\x98\xb3 #football'",2023-06-05T16:10:44Z,623859,34838,22
"jM5aF3TCf-E","b'Zlatan Ibrahimovic Has Scored In Every Single Minute \xf0\x9f\xa4\xaf\xe2\x9a\xbd\xef\xb8\x8f #football #soccer #shorts'",2023-06-05T07:24:47Z,105030,9116,24
"F63UJWUOyBY","b'Portugal VS Netherlands 2019 UeFA Nations League Highlights #youtube #shorts #football'",2023-05-31T12:52:00Z,314580,18270,22
"grzaj3eQJVA","b'How Inter Milan were born from AC Milan'",2023-06-01T06:00:11Z,551982,40571,17
"VqAGTbyAD0o","b'Easily the WILDEST day of football this year \xf0\x9f\xa4\xaf'",2023-06-06T00:51:49Z,396382,39287,17
"R4bao8u7UAY","b'The Most Valuable Match In Football \xf0\x9f\x92\xb0'",2023-06-04T11:00:26Z,198261,14496,17
"hMwToBTuBY0","b'Inside Messi\xe2\x80\x99s new football club - Inter Miami #Messi #intermiami'",2023-06-08T14:47:07Z,159255,5609,17
"j9pVaIDU-_c","b'Was Messi a flop at PSG? \xf0\x9f\x98\xb3\xf0\x9f\x91\x80 #football'",2023-06-04T15:29:43Z,431176,26912,22
"3kwd2O7wHoI","b'THE SADDEST WEEKEND IN FOOTBALL HISTORY\xf0\x9f\x98\xad\xf0\x9f\x98\xad'",2023-06-05T16:11:22Z,1035904,78257,17
"UHc6ESnEztY","b'What happened to Harry Maguire?'",2023-06-09T06:00:19Z,482144,12196,17
"CyCYkDSJhHI","b'Genius Goals Scored in Impossible Situations'",2023-05-21T14:13:38Z,1352717,7255,17
"5WydUJOmPHg","b'Zlatan Ibrahimovic Retired From Professional Football \xf0\x9f\x92\x94\xf0\x9f\xa6\x81 #football #soccer #shorts'",2023-06-04T22:00:20Z,304644,22458,24
"Im6Cp9LsCbk","b'Lionel Messi & Ronaldo Era Is Over In Europe \xf0\x9f\x92\x94\xe2\x9a\xbd\xef\xb8\x8f #messi #football #shorts'",2023-06-07T18:17:37Z,68425,7808,24
"I_4E8MUqvdg","b'Zlatan Ibrahimovic Says Goodbye to Football \xf0\x9f\x92\x94'",2023-06-05T08:27:18Z,807302,68172,17
"yiyIb11mrz4","b'Trouve la bonne r\xc3\xa9ponse ! \xf0\x9f\xa5\xb3\xe2\x9c\x85 | #foot #football'",2023-06-06T15:00:49Z,277675,20716,20
"2-1FPgefSic","b'Still Getting hate\xf0\x9f\x98\xa5#football #footballshorts #youtubeshorts'",2023-06-02T13:54:11Z,607430,54205,22
"P7VPdKlW3sg","b'Craziest Moments in Football'",2023-05-25T10:36:15Z,321713,2177,17
"L_K_-35nvcQ","b'football records that will never be broken \xf0\x9f\x98\xb3\xf0\x9f\xa4\xaf'",2023-06-06T17:00:19Z,608665,55144,22
"Xf6cIgJIULQ","b'Top 5 most viewed matches in football history'",2023-05-31T18:10:46Z,1332467,101430,22
"DmamMCuALq0","b'PEP GUARDIOLA HAS DISRESPECTED ENGLISH FOOTBALL \xf0\x9f\x98\xa1'",2023-06-05T20:00:05Z,1919707,84791,17
"8IJzPEIddG8","b'Ivan Rakitic. Put some respect on his name \xf0\x9f\x98\xa4 #football'",2023-06-02T14:25:25Z,832740,63248,22
"YtCIq4rKY1Y","b'1 in 1,000,000 Football Moments'",2023-05-03T12:00:23Z,921411,4832,17
"DNptiKp8ars","b'1000 IQ Moments in Football'",2023-05-18T12:00:18Z,1035427,7184,17
"ZiCCGFKtF-E","b'FIFA 23 | NEW CONFIRMED TRANSFERS & RUMOURS! \xf0\x9f\xa4\xaa\xf0\x9f\x94\xa5 ft. Weah, Thuram, Messi... etc'",2023-06-08T20:49:15Z,182117,5864,20
"ahotOBqUoKI","b'Fiorentina v West Ham (1-2) | 90th Minute Hammers Winner! | Europa Conference League Highlights'",2023-06-07T21:53:35Z,1657968,18312,17
"7NHR1dQrl8A","b"I Created The World's Biggest Football Tournament"",2023-06-06T14:31:00Z,504944,8817,17
"xTWFxqpzkMI","b"NORTH v SOUTH! \xf0\x9f\x91\x80 Is Manchester the TRUE HOME of football in England? \xf0\x9f\x8f\x86 Simon Jordan's Verdict!"",2023-06-09T12:45:06Z,39519,319,17
"fkpIoDIXL2k","b'Zlatan Ibrahimovic Retired From Football! #shorts'",2023-06-05T09:30:09Z,227683,19507,17
"Om5MOh4NEcI","b'Messi Could change Football FOREVER'",2023-05-30T19:44:40Z,1045621,65041,17
"9RGAkqdxeDs","b'Best Comedy Moments in Football 2023'",2023-05-30T10:30:03Z,372263,2631,17
"RyqUVmqUVzM","b'Buts sans rebonds ! \xe2\x9c\x85\xe2\x9a\xbd\xef\xb8\x8f  | #foot #pourtoi #football'",2023-06-02T15:34:54Z,412482,22926,20
"OTO52ioghfA","b'Funniest Moments in Football'",2023-06-03T11:00:01Z,1123181,3944,17
"Y6y9skXB_ww","b'Revenge Moments in Football \xf0\x9f\x98\x88'",2023-06-07T16:54:06Z,4179785,247256,22
"gIZyihnaqJI","b'Why The Saudi MEGA Signings Will Change Football FOREVER\xe2\x80\xa6'",2023-06-07T16:53:57Z,46945,1632,17
"DrHVxhI1WiE","b'Football \xf0\x9f\x98\x88\xf0\x9f\xa5\xb6\xf0\x9f\x94\xa5'",2023-05-31T04:12:58Z,305111,18527,22
"T9uK7S4x2HY","b'LE GARDIEN \xc3\x89TAIT TROP FORT ! \xf0\x9f\x98\x94\xf0\x9f\x95\x8a\xef\xb8\x8f #starfreestyle #football'",2023-06-03T12:17:04Z,931585,55710,24
"7cn-9nVHgsQ","b'10 Minutes of Football TikToks & Reels (Soccer) #15'",2023-06-05T14:00:07Z,462809,1960,17
"NcSFVsBL-tg","b'Zlatan Ibrahimovic Farewell With AC Milan \xf0\x9f\x92\x94\xe2\x9a\xbd\xef\xb8\x8f #football #soccer #shorts'",2023-06-05T12:00:16Z,115567,10513,24
"o3rb2f3d5Gc","b'Karim Benzema Leaves Real Madrid \xf0\x9f\x92\x94\xf0\x9f\xa4\xaf #football #soccer #shorts'",2023-06-04T11:37:01Z,122371,7988,24
